{"cameraMode":{"drawMode":0,"name":"Shaded","section":"Shading Mode"},"sceneLighting":true,"audioPlay":false,"sceneViewState":{"m_AlwaysRefresh":false,"showFog":true,"showSkybox":true,"showFlares":true,"showImageEffects":true,"showParticleSystems":true,"showVisualEffectGraphs":true,"m_FxEnabled":true},"in2DMode":false,"pivot":{"x":-0.3564680814743042,"y":0.8739404678344727,"z":0.3376474380493164},"rotation":{"x":0.22748148441314698,"y":-0.008764023892581463,"z":0.0020473538897931577,"w":0.9737406969070435},"size":6.290393829345703,"orthographic":false}